time,game,money_spent,balance
30/10/2024 23:38:41,slotMachine,20,1260
30/10/2024 23:38:44,slotMachine,20,1240
30/10/2024 23:38:45,slotMachine,20,1220
30/10/2024 23:38:46,slotMachine,20,1200
30/10/2024 23:38:46,slotMachine,20,1180
30/10/2024 23:57:42,flip_coin,100,500
31/10/2024 00:21:30,slotMachine,20,380
31/10/2024 00:21:31,slotMachine,20,360
31/10/2024 00:21:31,slotMachine,20,340
31/10/2024 00:21:32,slotMachine,20,320
31/10/2024 00:21:32,slotMachine,20,300
31/10/2024 00:21:33,slotMachine,20,280
31/10/2024 00:22:06,slotMachine,20,80
31/10/2024 00:22:07,slotMachine,20,60
31/10/2024 00:22:08,slotMachine,20,40
31/10/2024 00:22:08,slotMachine,20,320
31/10/2024 00:22:09,slotMachine,20,300
31/10/2024 00:22:10,slotMachine,20,10880
31/10/2024 00:22:11,slotMachine,20,10860
31/10/2024 00:22:29,slotMachine,20,20840
31/10/2024 00:22:30,slotMachine,20,20820
31/10/2024 00:22:30,slotMachine,20,21100
31/10/2024 00:22:30,slotMachine,20,21380
31/10/2024 00:22:30,slotMachine,20,21360
31/10/2024 00:38:28,slotMachine,20,21340
31/10/2024 00:38:29,slotMachine,20,21320
31/10/2024 00:38:30,slotMachine,20,21600
31/10/2024 00:38:30,slotMachine,20,21580
31/10/2024 00:38:31,slotMachine,20,21860
31/10/2024 00:38:32,slotMachine,20,21840
31/10/2024 00:38:32,slotMachine,20,21820
31/10/2024 00:38:33,slotMachine,20,21800
31/10/2024 00:38:33,slotMachine,20,21780
31/10/2024 00:38:34,slotMachine,20,21760
31/10/2024 00:38:34,slotMachine,20,21740
31/10/2024 00:38:34,slotMachine,20,21720
31/10/2024 00:38:34,slotMachine,20,21700
31/10/2024 00:38:35,slotMachine,20,21680
31/10/2024 00:38:35,slotMachine,20,21660
31/10/2024 00:38:35,slotMachine,20,22240
31/10/2024 00:38:35,slotMachine,20,22220
31/10/2024 00:38:36,slotMachine,20,22200
31/10/2024 00:38:36,slotMachine,20,22180
31/10/2024 00:38:36,slotMachine,20,22160
31/10/2024 00:38:36,slotMachine,20,22740
31/10/2024 00:38:36,slotMachine,20,22720
31/10/2024 00:38:37,slotMachine,20,22700
31/10/2024 00:38:37,slotMachine,20,22680
31/10/2024 00:38:37,slotMachine,20,22660
31/10/2024 00:38:38,slotMachine,20,22640
31/10/2024 00:38:38,slotMachine,20,22620
31/10/2024 00:38:38,slotMachine,20,22600
31/10/2024 00:38:38,slotMachine,20,22880
31/10/2024 17:38:15,slotMachine,20,22860
31/10/2024 17:38:21,slotMachine,20,22840
31/10/2024 17:39:05,flip_coin,20000,62840
31/10/2024 17:39:20,slotMachine,20,62820
31/10/2024 17:40:07,slotMachine,20,63400
31/10/2024 17:40:11,slotMachine,20,63380
31/10/2024 17:40:12,slotMachine,20,63360
31/10/2024 17:40:12,slotMachine,20,63340
31/10/2024 17:40:12,slotMachine,20,63320
31/10/2024 17:40:12,slotMachine,20,63300
31/10/2024 17:40:13,slotMachine,20,63580
31/10/2024 17:40:13,slotMachine,20,63560
31/10/2024 17:40:13,slotMachine,20,63840
31/10/2024 17:40:13,slotMachine,20,63820
31/10/2024 17:40:14,slotMachine,20,63800
31/10/2024 17:40:14,slotMachine,20,63780
31/10/2024 17:40:14,slotMachine,20,63760
31/10/2024 17:40:14,slotMachine,20,63740
31/10/2024 17:40:15,slotMachine,20,65220
31/10/2024 17:40:15,slotMachine,20,65800
31/10/2024 17:40:15,slotMachine,20,65780
31/10/2024 17:40:16,slotMachine,20,65760
31/10/2024 17:40:16,slotMachine,20,65740
31/10/2024 17:40:16,slotMachine,20,65720
31/10/2024 17:40:16,slotMachine,20,65700
31/10/2024 17:40:17,slotMachine,20,65680
31/10/2024 17:40:17,slotMachine,20,65660
31/10/2024 17:40:18,slotMachine,20,65640
31/10/2024 17:40:18,slotMachine,20,65620
31/10/2024 17:40:19,slotMachine,20,65600
31/10/2024 17:40:19,slotMachine,20,66180
31/10/2024 17:40:19,slotMachine,20,66160
31/10/2024 17:40:19,slotMachine,20,66140
31/10/2024 17:40:20,slotMachine,20,66420
31/10/2024 17:40:20,slotMachine,20,66400
31/10/2024 17:40:20,slotMachine,20,66380
31/10/2024 17:40:20,slotMachine,20,66360
31/10/2024 17:40:21,slotMachine,20,66340
31/10/2024 17:40:21,slotMachine,20,66320
31/10/2024 17:40:21,slotMachine,20,66300
31/10/2024 17:40:21,slotMachine,20,66280
31/10/2024 17:40:21,slotMachine,20,66260
31/10/2024 17:40:32,flip_coin,60000,186260
31/10/2024 17:40:46,flip_coin,180000,546260
31/10/2024 17:40:55,flip_coin,1000,548260
31/10/2024 17:41:06,flip_coin,1000,547260
31/10/2024 17:41:20,flip_coin,500000,1547260
31/10/2024 17:41:35,flip_coin,1000000,547260
01/11/2024 19:22:13,flip_coin,1000,549260
01/11/2024 19:22:41,flip_coin,1000,551260
01/11/2024 19:23:37,flip_coin,10000,0
01/11/2024 19:25:17,flip_coin,1000,2000
01/11/2024 19:47:41,flip_coin,1000,3000
01/11/2024 22:16:13,slotMachine,20,2180
01/11/2024 22:16:15,slotMachine,20,2160
01/11/2024 22:16:15,slotMachine,20,2140
01/11/2024 22:16:16,slotMachine,20,2120
01/11/2024 22:16:16,slotMachine,20,2400
01/11/2024 22:16:16,slotMachine,20,2380
01/11/2024 22:16:16,slotMachine,20,2360
01/11/2024 22:16:17,slotMachine,20,2340
01/11/2024 22:16:17,slotMachine,20,2320
01/11/2024 22:16:17,slotMachine,20,2300
01/11/2024 22:16:17,slotMachine,20,2280
01/11/2024 22:16:18,slotMachine,20,2260
01/11/2024 22:16:18,slotMachine,20,2240
01/11/2024 22:16:18,slotMachine,20,2220
01/11/2024 22:16:19,slotMachine,20,2200
01/11/2024 22:16:19,slotMachine,20,2180
01/11/2024 22:16:20,slotMachine,20,2160
01/11/2024 22:16:24,slotMachine,20,2140
01/11/2024 22:16:24,slotMachine,20,2120
01/11/2024 22:16:25,slotMachine,20,3300
01/11/2024 22:16:25,slotMachine,20,3580
01/11/2024 22:16:25,slotMachine,20,3560
01/11/2024 22:16:26,slotMachine,20,3540
01/11/2024 22:16:26,slotMachine,20,4120
01/11/2024 22:16:26,slotMachine,20,4400
01/11/2024 22:16:26,slotMachine,20,4380
01/11/2024 22:16:31,slotMachine,20,4360
01/11/2024 22:16:32,slotMachine,20,4340
01/11/2024 22:16:32,slotMachine,20,4320
01/11/2024 22:16:32,slotMachine,20,4900
01/11/2024 22:16:32,slotMachine,20,4880
01/11/2024 22:16:33,slotMachine,20,5460
01/11/2024 22:16:33,slotMachine,20,5440
01/11/2024 22:16:33,slotMachine,20,5420
01/11/2024 22:17:19,slotMachine,542,4878
01/11/2024 22:17:20,slotMachine,542,4336
01/11/2024 22:17:22,slotMachine,542,3794
01/11/2024 22:17:25,slotMachine,542,3252
01/11/2024 22:17:30,slotMachine,542,2710
01/11/2024 22:17:31,slotMachine,542,2168
01/11/2024 22:17:31,slotMachine,542,1626
01/11/2024 22:17:31,slotMachine,542,1084
01/11/2024 22:17:32,slotMachine,542,542
01/11/2024 22:17:32,slotMachine,542,0
01/11/2024 22:20:12,dice,1,-1
01/11/2024 22:21:15,slotMachine,100,9900
01/11/2024 22:21:16,slotMachine,100,9800
01/11/2024 22:21:16,slotMachine,100,11200
01/11/2024 22:22:31,dice,10000,1200
01/11/2024 23:40:39,slotMachine,100,1100
01/11/2024 23:40:40,slotMachine,100,1000
01/11/2024 23:40:41,slotMachine,100,3900
01/11/2024 23:40:43,slotMachine,100,3800
01/11/2024 23:40:43,slotMachine,100,3700
01/11/2024 23:40:43,slotMachine,100,3600
01/11/2024 23:40:44,slotMachine,100,3500
01/11/2024 23:40:44,slotMachine,100,9400
01/11/2024 23:40:51,slotMachine,100,10800
01/11/2024 23:40:52,slotMachine,100,10700
01/11/2024 23:40:53,slotMachine,100,10600
01/11/2024 23:40:54,slotMachine,100,10500
01/11/2024 23:40:54,slotMachine,100,10400
01/11/2024 23:40:54,slotMachine,100,11800
01/11/2024 23:40:55,slotMachine,100,11700
01/11/2024 23:40:55,slotMachine,100,14600
01/11/2024 23:40:55,slotMachine,100,14500
01/11/2024 23:40:56,slotMachine,100,14400
01/11/2024 23:41:00,slotMachine,100,14300
01/11/2024 23:41:01,slotMachine,100,15700
01/11/2024 23:41:01,slotMachine,100,17100
01/11/2024 23:41:01,slotMachine,100,17000
01/11/2024 23:41:02,slotMachine,100,16900
01/11/2024 23:41:03,slotMachine,100,22800
01/11/2024 23:41:22,slotMachine,100,22700
01/11/2024 23:41:23,slotMachine,100,22600
01/11/2024 23:41:23,slotMachine,100,22500
01/11/2024 23:41:24,slotMachine,100,22400
01/11/2024 23:41:24,slotMachine,100,23800
01/11/2024 23:41:24,slotMachine,100,23700
01/11/2024 23:41:24,slotMachine,100,25100
01/11/2024 23:41:25,slotMachine,100,25000
01/11/2024 23:41:25,slotMachine,100,24900
01/11/2024 23:41:25,slotMachine,100,24800
01/11/2024 23:41:26,slotMachine,100,24700
01/11/2024 23:41:26,slotMachine,100,24600
01/11/2024 23:41:26,slotMachine,100,24500
01/11/2024 23:41:26,slotMachine,100,24400
01/11/2024 23:41:27,slotMachine,100,24300
01/11/2024 23:41:27,slotMachine,100,27200
01/11/2024 23:41:27,slotMachine,100,27100
01/11/2024 23:41:27,slotMachine,100,30000
01/11/2024 23:41:28,slotMachine,100,29900
01/11/2024 23:41:28,slotMachine,100,29800
01/11/2024 23:41:28,slotMachine,100,29700
01/11/2024 23:41:28,slotMachine,100,29600
01/11/2024 23:41:29,slotMachine,100,29500
01/11/2024 23:41:29,slotMachine,100,29400
01/11/2024 23:41:29,slotMachine,100,29300
01/11/2024 23:41:30,slotMachine,100,32200
01/11/2024 23:41:30,slotMachine,100,32100
01/11/2024 23:41:30,slotMachine,100,32000
01/11/2024 23:41:30,slotMachine,100,31900
01/11/2024 23:41:31,slotMachine,100,31800
01/11/2024 23:41:31,slotMachine,100,31700
01/11/2024 23:41:31,slotMachine,100,31600
01/11/2024 23:41:31,slotMachine,100,31500
01/11/2024 23:41:32,slotMachine,100,31400
01/11/2024 23:41:32,slotMachine,100,31300
01/11/2024 23:41:32,slotMachine,100,31200
01/11/2024 23:41:32,slotMachine,100,31100
01/11/2024 23:41:33,slotMachine,100,31000
01/11/2024 23:41:33,slotMachine,100,30900
01/11/2024 23:41:33,slotMachine,100,30800
01/11/2024 23:41:34,slotMachine,100,30700
01/11/2024 23:41:34,slotMachine,100,32100
01/11/2024 23:41:34,slotMachine,100,32000
01/11/2024 23:41:34,slotMachine,100,31900
01/11/2024 23:41:34,slotMachine,100,31800
01/11/2024 23:41:35,slotMachine,100,33200
01/11/2024 23:41:35,slotMachine,100,36100
01/11/2024 23:41:35,slotMachine,100,37500
01/11/2024 23:41:36,slotMachine,100,38900
01/11/2024 23:41:36,slotMachine,100,41800
01/11/2024 23:41:36,slotMachine,100,44700
01/11/2024 23:41:36,slotMachine,100,44600
01/11/2024 23:41:37,slotMachine,100,44500
01/11/2024 23:41:37,slotMachine,100,45900
01/11/2024 23:41:37,slotMachine,100,45800
01/11/2024 23:41:38,slotMachine,100,45700
01/11/2024 23:41:38,slotMachine,100,45600
01/11/2024 23:41:39,slotMachine,100,45500
01/11/2024 23:41:39,slotMachine,100,45400
01/11/2024 23:41:39,slotMachine,100,46800
01/11/2024 23:41:40,slotMachine,100,46700
01/11/2024 23:41:41,slotMachine,100,46600
01/11/2024 23:41:41,slotMachine,100,46500
01/11/2024 23:41:41,slotMachine,100,46400
01/11/2024 23:41:41,slotMachine,100,46300
01/11/2024 23:41:42,slotMachine,100,46200
01/11/2024 23:41:42,slotMachine,100,46100
01/11/2024 23:41:42,slotMachine,100,46000
01/11/2024 23:41:43,slotMachine,100,51900
01/11/2024 23:41:43,slotMachine,100,51800
01/11/2024 23:41:43,slotMachine,100,53200
01/11/2024 23:41:43,slotMachine,100,53100
01/11/2024 23:41:43,slotMachine,100,54500
01/11/2024 23:41:43,slotMachine,100,54400
01/11/2024 23:41:44,slotMachine,100,60300
01/11/2024 23:41:45,slotMachine,100,61700
01/11/2024 23:41:45,slotMachine,100,63100
01/11/2024 23:41:45,slotMachine,100,63000
01/11/2024 23:41:46,slotMachine,100,62900
01/11/2024 23:41:46,slotMachine,100,62800
01/11/2024 23:41:47,slotMachine,100,62700
01/11/2024 23:41:47,slotMachine,100,62600
01/11/2024 23:41:51,slotMachine,100,64000
01/11/2024 23:41:52,slotMachine,100,63900
01/11/2024 23:41:52,slotMachine,100,63800
01/11/2024 23:41:53,slotMachine,100,66700
01/11/2024 23:41:53,slotMachine,100,66600
01/11/2024 23:41:53,slotMachine,100,66500
01/11/2024 23:41:54,slotMachine,100,66400
01/11/2024 23:41:54,slotMachine,100,66300
01/11/2024 23:41:54,slotMachine,100,66200
01/11/2024 23:41:54,slotMachine,100,66100
01/11/2024 23:41:55,slotMachine,100,66000
01/11/2024 23:41:55,slotMachine,100,65900
01/11/2024 23:41:55,slotMachine,100,65800
01/11/2024 23:41:56,slotMachine,100,65700
01/11/2024 23:41:56,slotMachine,100,65600
01/11/2024 23:41:56,slotMachine,100,65500
01/11/2024 23:41:57,slotMachine,100,66900
01/11/2024 23:41:57,slotMachine,100,66800
01/11/2024 23:41:57,slotMachine,100,72700
01/11/2024 23:43:15,slotMachine,100,227100
01/11/2024 23:43:16,slotMachine,100,381500
01/11/2024 23:43:17,slotMachine,100,535900
01/11/2024 23:43:17,slotMachine,100,690300
01/11/2024 23:43:18,slotMachine,100,844700
01/11/2024 23:43:18,slotMachine,100,999100
01/11/2024 23:43:51,slotMachine,100,1000000
01/11/2024 23:44:00,slotMachine,100,1999900
01/11/2024 23:44:39,slotMachine,100,400
01/11/2024 23:44:39,slotMachine,100,300
01/11/2024 23:44:41,slotMachine,100,200
01/11/2024 23:44:41,slotMachine,100,100
01/11/2024 23:44:42,slotMachine,100,0
03/11/2024 00:47:20,flip_coin,1000,0
03/11/2024 00:47:29,flip_coin,1000,-1000
03/11/2024 01:01:12,slotMachine,100,2400
03/11/2024 01:01:12,slotMachine,100,2300
03/11/2024 01:01:13,slotMachine,100,2200
03/11/2024 01:01:13,slotMachine,100,2100
03/11/2024 01:01:13,slotMachine,100,2000
03/11/2024 01:01:14,slotMachine,100,1900
03/11/2024 01:01:14,slotMachine,100,1800
03/11/2024 01:01:14,slotMachine,100,1700
03/11/2024 01:01:14,slotMachine,100,1600
03/11/2024 01:01:15,slotMachine,100,3000
03/11/2024 01:01:15,slotMachine,100,2900
03/11/2024 01:01:15,slotMachine,100,2800
03/11/2024 01:01:15,slotMachine,100,4200
03/11/2024 01:01:16,slotMachine,100,5600
03/11/2024 01:01:16,slotMachine,100,5500
03/11/2024 01:01:16,slotMachine,100,5400
03/11/2024 01:01:16,slotMachine,100,5300
03/11/2024 01:01:17,slotMachine,100,5200
03/11/2024 01:01:26,slotMachine,100,2400
03/11/2024 01:02:17,slotMachine,100,900
03/11/2024 01:02:18,slotMachine,100,800
03/11/2024 01:02:18,slotMachine,100,700
03/11/2024 01:02:19,slotMachine,100,600
03/11/2024 01:02:19,slotMachine,100,500
03/11/2024 01:02:19,slotMachine,100,400
03/11/2024 01:02:19,slotMachine,100,300
03/11/2024 01:02:19,slotMachine,100,200
03/11/2024 01:02:20,slotMachine,100,100
03/11/2024 01:02:20,slotMachine,100,0
03/11/2024 01:11:39,flip_coin,1000,0
03/11/2024 01:23:51,dice,1000,7000
03/11/2024 01:24:43,dice,1000,0
03/11/2024 01:44:18,dice,1000,7000
03/11/2024 01:44:52,dice,1000,7000
03/11/2024 01:52:31,slotMachine,100,900
03/11/2024 01:52:32,slotMachine,100,2300
03/11/2024 01:52:32,slotMachine,100,3700
03/11/2024 01:52:32,slotMachine,100,3600
03/11/2024 01:52:32,slotMachine,100,3500
03/11/2024 01:52:33,slotMachine,100,3400
03/11/2024 01:52:33,slotMachine,100,3300
03/11/2024 01:52:37,slotMachine,100,4700
03/11/2024 01:54:37,slotMachine,100,900
03/11/2024 02:22:28,slotMachine,100,900
03/11/2024 02:22:29,slotMachine,100,2300
03/11/2024 02:22:31,slotMachine,100,2200
03/11/2024 02:22:56,slotMachine,100,2100
03/11/2024 02:23:24,slotMachine,100,2000
03/11/2024 02:23:55,slotMachine,100,1900
03/11/2024 02:23:58,slotMachine,100,1800
03/11/2024 02:24:17,slotMachine,100,4700
03/11/2024 02:24:21,slotMachine,100,4600
03/11/2024 02:24:26,slotMachine,100,4500
03/11/2024 02:25:02,slotMachine,100,10400
03/11/2024 02:25:03,slotMachine,100,10300
03/11/2024 02:25:03,slotMachine,100,10200
03/11/2024 02:25:03,slotMachine,100,10100
03/11/2024 02:25:03,slotMachine,100,10000
03/11/2024 02:25:04,slotMachine,100,9900
03/11/2024 02:25:39,slotMachine,100,9800
03/11/2024 02:26:14,slotMachine,100,9700
03/11/2024 02:26:17,slotMachine,100,12600
03/11/2024 02:27:08,slotMachine,100,12500
03/11/2024 02:27:09,slotMachine,100,12400
03/11/2024 02:27:11,slotMachine,100,12300
03/11/2024 02:27:11,slotMachine,100,12200
03/11/2024 02:27:12,slotMachine,100,12100
03/11/2024 02:27:13,slotMachine,100,12000
03/11/2024 02:27:13,slotMachine,100,11900
03/11/2024 02:27:14,slotMachine,100,11800
03/11/2024 02:27:21,slotMachine,100,17700
03/11/2024 02:27:24,slotMachine,100,17600
03/11/2024 02:34:21,slotMachine,100,17500
03/11/2024 02:34:23,slotMachine,100,18900
03/11/2024 02:34:25,slotMachine,100,18800
03/11/2024 02:35:59,slotMachine,100,18700
03/11/2024 02:36:29,slotMachine,100,18600
03/11/2024 02:37:19,slotMachine,100,18500
03/11/2024 11:55:44,slotMachine,100,18400
03/11/2024 11:55:44,slotMachine,100,18300
03/11/2024 11:55:46,slotMachine,100,18200
03/11/2024 11:55:47,slotMachine,100,21100
03/11/2024 11:55:51,slotMachine,100,21000
03/11/2024 11:55:54,slotMachine,100,20900
03/11/2024 11:55:55,slotMachine,100,32800
03/11/2024 11:56:11,slotMachine,100,34200
03/11/2024 11:56:13,slotMachine,100,34100
03/11/2024 11:56:14,slotMachine,100,34000
03/11/2024 11:56:15,slotMachine,100,33900
03/11/2024 11:56:17,slotMachine,100,33800
03/11/2024 11:56:18,slotMachine,100,33700
03/11/2024 11:56:19,slotMachine,100,33600
03/11/2024 11:56:20,slotMachine,100,36500
03/11/2024 11:56:20,slotMachine,100,36400
03/11/2024 11:56:21,slotMachine,100,39300
03/11/2024 11:56:22,slotMachine,100,40700
03/11/2024 11:56:22,slotMachine,100,40600
03/11/2024 11:56:23,slotMachine,100,40500
03/11/2024 11:56:23,slotMachine,100,40400
03/11/2024 11:56:24,slotMachine,100,40300
03/11/2024 11:56:26,slotMachine,100,41700
03/11/2024 11:56:27,slotMachine,100,41600
03/11/2024 11:57:47,slotMachine,100,41500
03/11/2024 11:59:41,slotMachine,100,41400
03/11/2024 11:59:42,slotMachine,100,47300
03/11/2024 12:04:18,slotMachine,100,48700
03/11/2024 12:05:37,slotMachine,100,900
03/11/2024 12:06:16,slotMachine,100,900
03/11/2024 12:06:40,slotMachine,100,900
03/11/2024 12:07:44,slotMachine,100,900
03/11/2024 12:08:09,slotMachine,100,900
03/11/2024 12:10:35,slotMachine,100,3900
03/11/2024 12:16:52,slotMachine,100,6900
03/11/2024 12:16:53,slotMachine,100,6800
03/11/2024 12:16:53,slotMachine,100,8200
03/11/2024 12:16:54,slotMachine,100,8100
03/11/2024 12:16:55,slotMachine,100,8000
03/11/2024 12:24:06,slotMachine,100,900
03/11/2024 12:26:03,slotMachine,100,900
03/11/2024 12:32:04,slotMachine,100,3900
03/11/2024 12:33:27,slotMachine,100,900
03/11/2024 14:05:35,slotMachine,100,900
03/11/2024 14:05:37,slotMachine,100,800
03/11/2024 14:05:38,slotMachine,100,700
03/11/2024 14:05:39,slotMachine,100,3600
03/11/2024 14:05:51,slotMachine,100,2400
03/11/2024 14:05:52,slotMachine,100,2300
03/11/2024 14:05:54,slotMachine,100,2200
03/11/2024 14:05:55,slotMachine,100,2100
03/11/2024 14:06:14,slotMachine,100,900
03/11/2024 14:06:15,slotMachine,100,800
03/11/2024 14:06:16,slotMachine,100,6700
03/11/2024 14:06:30,slotMachine,100,900
03/11/2024 14:06:32,slotMachine,100,800
03/11/2024 14:06:33,slotMachine,100,2200
03/11/2024 14:06:34,slotMachine,100,8100
03/11/2024 14:06:35,slotMachine,100,8000
03/11/2024 14:06:36,slotMachine,100,7900
03/11/2024 14:06:36,slotMachine,100,9300
03/11/2024 14:06:37,slotMachine,100,9200
03/11/2024 14:06:38,slotMachine,100,15100
03/11/2024 14:06:39,slotMachine,100,15000
03/11/2024 14:06:40,slotMachine,100,17900
03/11/2024 14:06:40,slotMachine,100,17800
03/11/2024 14:06:42,slotMachine,100,17700
03/11/2024 14:06:57,slotMachine,100,2400
03/11/2024 14:06:58,slotMachine,100,2300
03/11/2024 14:06:59,slotMachine,100,2200
03/11/2024 14:07:00,slotMachine,100,2100
03/11/2024 14:07:00,slotMachine,100,2000
03/11/2024 14:07:01,slotMachine,100,1900
03/11/2024 14:07:02,slotMachine,100,1800
03/11/2024 14:07:03,slotMachine,100,1700
03/11/2024 14:07:04,slotMachine,100,1600
03/11/2024 14:07:04,slotMachine,100,1500
03/11/2024 14:07:05,slotMachine,100,7400
03/11/2024 14:07:06,slotMachine,100,7300
03/11/2024 14:07:06,slotMachine,100,7200
03/11/2024 14:07:07,slotMachine,100,8600
03/11/2024 14:07:08,slotMachine,100,10000
03/11/2024 14:07:08,slotMachine,100,9900
03/11/2024 14:07:08,slotMachine,100,9800
03/11/2024 14:07:09,slotMachine,100,9700
03/11/2024 14:07:09,slotMachine,100,9600
03/11/2024 14:07:53,slotMachine,100,900
03/11/2024 14:08:11,slotMachine,100,2400
03/11/2024 14:08:48,slotMachine,100,900
03/11/2024 14:09:19,slotMachine,100,900
03/11/2024 14:09:20,slotMachine,100,3800
03/11/2024 14:09:20,slotMachine,100,3700
03/11/2024 14:09:21,slotMachine,100,5100
03/11/2024 14:09:22,slotMachine,100,6500
03/11/2024 14:09:22,slotMachine,100,6400
03/11/2024 14:10:10,slotMachine,100,2400
03/11/2024 14:10:40,slotMachine,100,900
03/11/2024 14:10:58,slotMachine,100,900
03/11/2024 14:11:18,slotMachine,100,900
03/11/2024 14:11:50,slotMachine,100,900
03/11/2024 14:12:33,slotMachine,100,900
03/11/2024 14:12:46,slotMachine,100,900
03/11/2024 14:13:32,slotMachine,100,900
03/11/2024 14:13:48,slotMachine,100,900
03/11/2024 14:14:21,slotMachine,100,900
03/11/2024 14:14:56,slotMachine,100,2400
03/11/2024 14:15:25,slotMachine,100,900
03/11/2024 14:15:35,slotMachine,100,2400
03/11/2024 14:15:45,slotMachine,100,900
03/11/2024 14:16:09,slotMachine,100,900
03/11/2024 14:17:20,slotMachine,100,900
03/11/2024 14:17:37,slotMachine,100,900
03/11/2024 14:17:58,slotMachine,100,900
03/11/2024 14:18:29,slotMachine,100,900
03/11/2024 14:18:57,slotMachine,100,900
03/11/2024 14:19:07,slotMachine,100,900
03/11/2024 14:19:36,slotMachine,100,2400
03/11/2024 14:19:54,slotMachine,100,2400
03/11/2024 14:22:09,slotMachine,100,900
03/11/2024 14:22:10,slotMachine,100,800
03/11/2024 14:22:10,slotMachine,100,12700
03/11/2024 14:22:11,slotMachine,100,12600
03/11/2024 14:22:12,slotMachine,100,12500
03/11/2024 14:22:12,slotMachine,100,15400
03/11/2024 14:22:13,slotMachine,100,15300
03/11/2024 14:22:14,slotMachine,100,21200
03/11/2024 14:24:17,slotMachine,100,150900
03/11/2024 14:27:44,slotMachine,100,150900
03/11/2024 14:28:32,slotMachine,100,150900
03/11/2024 14:29:43,slotMachine,100,150900
03/11/2024 14:30:00,slotMachine,100,150900
03/11/2024 14:30:31,slotMachine,100,150900
03/11/2024 14:31:02,slotMachine,100,150900
03/11/2024 14:32:26,slotMachine,100,300800
03/11/2024 14:33:11,slotMachine,100,900
03/11/2024 14:33:16,slotMachine,100,800
03/11/2024 14:33:18,slotMachine,100,700
03/11/2024 14:33:19,slotMachine,100,600
03/11/2024 14:34:00,slotMachine,100,900
03/11/2024 14:34:22,slotMachine,100,900
03/11/2024 14:34:44,slotMachine,100,900
03/11/2024 14:34:45,slotMachine,100,800
03/11/2024 14:34:47,slotMachine,100,700
03/11/2024 14:36:16,slotMachine,100,2400
03/11/2024 14:36:25,slotMachine,100,900
03/11/2024 14:36:35,slotMachine,100,900
03/11/2024 14:36:50,slotMachine,100,900
03/11/2024 14:38:41,slotMachine,100,900
03/11/2024 14:39:06,slotMachine,100,900
03/11/2024 14:39:57,slotMachine,100,900
03/11/2024 14:40:00,slotMachine,100,800
03/11/2024 14:40:21,slotMachine,100,900
03/11/2024 14:40:24,slotMachine,100,800
03/11/2024 14:40:33,slotMachine,100,900
03/11/2024 14:40:36,slotMachine,100,800
03/11/2024 14:40:50,slotMachine,100,900
03/11/2024 14:40:56,slotMachine,100,800
03/11/2024 14:40:57,slotMachine,100,700
03/11/2024 14:40:59,slotMachine,100,600
03/11/2024 14:41:00,slotMachine,100,500
03/11/2024 14:41:02,slotMachine,100,400
03/11/2024 14:41:02,slotMachine,100,1800
03/11/2024 14:41:03,slotMachine,100,4700
03/11/2024 14:41:38,slotMachine,100,900
03/11/2024 14:41:39,slotMachine,100,800
03/11/2024 14:41:40,slotMachine,100,700
03/11/2024 14:41:41,slotMachine,100,2100
03/11/2024 14:41:42,slotMachine,100,2000
03/11/2024 14:41:43,slotMachine,100,1900
03/11/2024 14:41:43,slotMachine,100,1800
03/11/2024 14:41:43,slotMachine,100,1700
03/11/2024 14:41:45,slotMachine,100,4600
03/11/2024 14:44:26,slotMachine,100,900
03/11/2024 14:45:05,slotMachine,100,900
03/11/2024 14:53:30,slotMachine,100,900
03/11/2024 14:53:53,slotMachine,100,900
03/11/2024 14:54:03,slotMachine,100,6900
03/11/2024 14:54:21,slotMachine,100,3900
03/11/2024 14:54:35,slotMachine,100,900
03/11/2024 14:54:43,slotMachine,100,6900
03/11/2024 14:55:15,slotMachine,100,900
03/11/2024 14:55:42,slotMachine,100,900
03/11/2024 14:55:43,slotMachine,100,800
03/11/2024 14:55:43,slotMachine,100,700
03/11/2024 14:55:44,slotMachine,100,600
03/11/2024 14:55:50,slotMachine,100,900
03/11/2024 14:55:55,slotMachine,100,800
03/11/2024 14:57:06,slotMachine,100,900
03/11/2024 14:58:04,slotMachine,100,3900
03/11/2024 14:58:26,slotMachine,100,2400
03/11/2024 14:58:38,slotMachine,100,900
03/11/2024 14:59:21,slotMachine,100,900
03/11/2024 14:59:37,slotMachine,100,900
03/11/2024 14:59:44,slotMachine,100,900
03/11/2024 15:00:08,slotMachine,100,900
03/11/2024 15:00:17,slotMachine,100,900
03/11/2024 15:00:41,slotMachine,100,900
03/11/2024 15:01:07,slotMachine,100,2400
03/11/2024 15:01:19,slotMachine,100,900
03/11/2024 15:01:33,slotMachine,100,900
03/11/2024 15:01:51,slotMachine,100,900
03/11/2024 15:04:17,slotMachine,100,900
03/11/2024 16:27:10,slotMachine,100,900
03/11/2024 16:27:11,slotMachine,100,800
03/11/2024 16:27:11,slotMachine,100,2200
03/11/2024 16:27:12,slotMachine,100,2100
03/11/2024 16:27:13,slotMachine,100,2000
03/11/2024 16:27:13,slotMachine,100,1900
03/11/2024 16:27:14,slotMachine,100,1800
03/11/2024 16:27:15,slotMachine,100,13700
03/11/2024 16:27:15,slotMachine,100,13600
03/11/2024 16:27:15,slotMachine,100,13500
03/11/2024 16:27:16,slotMachine,100,13400
03/11/2024 16:27:16,slotMachine,100,13300
03/11/2024 16:27:17,slotMachine,100,13200
03/11/2024 16:27:17,slotMachine,100,13100
03/11/2024 16:27:17,slotMachine,100,16000
03/11/2024 16:27:18,slotMachine,100,15900
03/11/2024 16:27:18,slotMachine,100,15800
03/11/2024 16:27:19,slotMachine,100,17200
03/11/2024 16:27:19,slotMachine,100,17100
03/11/2024 16:49:37,dice,1000,0
03/11/2024 16:54:15,dice,1000,4000
03/11/2024 16:54:24,dice,2000,2000
03/11/2024 16:54:53,dice,1000,11000
03/11/2024 16:55:06,dice,2000,9000
03/11/2024 16:55:16,dice,4,8996
03/11/2024 16:55:28,dice,100,8896
03/11/2024 17:00:03,dice,1000,7896
03/11/2024 17:09:08,dice,500,7396
03/11/2024 17:15:06,slotMachine,100,10296
03/11/2024 17:15:07,slotMachine,100,10196
03/11/2024 17:15:08,slotMachine,100,10096
03/11/2024 17:15:09,slotMachine,100,9996
03/11/2024 17:16:00,slotMachine,100,0
03/11/2024 17:18:38,flip_coin,1000,3000
03/11/2024 18:39:59,slotMachine,100,2900
03/11/2024 18:39:59,slotMachine,100,2800
03/11/2024 18:40:00,slotMachine,100,2700
03/11/2024 18:40:00,slotMachine,100,2600
03/11/2024 18:40:11,slotMachine,100,2500
03/11/2024 18:40:12,slotMachine,100,2400
03/11/2024 18:40:12,slotMachine,100,2300
03/11/2024 18:40:13,slotMachine,100,2200
03/11/2024 18:40:14,slotMachine,100,3600
03/11/2024 18:40:14,slotMachine,100,3500
03/11/2024 18:40:15,slotMachine,100,3400
03/11/2024 18:40:15,slotMachine,100,3300
03/11/2024 18:40:15,slotMachine,100,3200
03/11/2024 18:40:16,slotMachine,100,6100
03/11/2024 18:40:16,slotMachine,100,6000
03/11/2024 18:40:17,slotMachine,100,5900
03/11/2024 18:40:17,slotMachine,100,5800
03/11/2024 18:40:17,slotMachine,100,7200
03/11/2024 18:43:55,slotMachine,100,8600
03/11/2024 18:43:55,slotMachine,100,8500
03/11/2024 18:43:56,slotMachine,100,8400
03/11/2024 18:43:57,slotMachine,100,8300
03/11/2024 18:43:57,slotMachine,100,8200
03/11/2024 18:43:58,slotMachine,100,9600
03/11/2024 18:43:58,slotMachine,100,9500
03/11/2024 18:43:58,slotMachine,100,10900
03/11/2024 18:43:59,slotMachine,100,10800
03/11/2024 18:43:59,slotMachine,100,10700
03/11/2024 18:44:00,slotMachine,100,10600
03/11/2024 18:44:00,slotMachine,100,10500
03/11/2024 18:44:15,slotMachine,100,11900
03/11/2024 18:44:15,slotMachine,100,11800
03/11/2024 18:44:16,slotMachine,100,11700
03/11/2024 18:44:16,slotMachine,100,11600
03/11/2024 18:45:00,slotMachine,100,11500
03/11/2024 18:45:01,slotMachine,100,11400
03/11/2024 18:45:01,slotMachine,100,11300
03/11/2024 18:45:01,slotMachine,100,11200
03/11/2024 18:45:45,dice,10000,1200
03/11/2024 18:46:12,slotMachine,100,1100
03/11/2024 18:46:13,slotMachine,100,2500
03/11/2024 18:46:13,slotMachine,100,2400
03/11/2024 18:46:14,slotMachine,100,2300
03/11/2024 18:46:14,slotMachine,100,2200
03/11/2024 18:46:14,slotMachine,100,2100
03/11/2024 18:46:15,slotMachine,100,2000
03/11/2024 18:46:15,slotMachine,100,1900
03/11/2024 18:46:16,slotMachine,100,1800
03/11/2024 18:46:16,slotMachine,100,4700
03/11/2024 18:46:17,slotMachine,100,4600
03/11/2024 18:46:17,slotMachine,100,4500
03/11/2024 18:46:17,slotMachine,100,4400
03/11/2024 18:46:18,slotMachine,100,4300
03/11/2024 18:46:18,slotMachine,100,4200
03/11/2024 18:46:19,slotMachine,100,4100
03/11/2024 18:46:19,slotMachine,100,4000
03/11/2024 18:46:19,slotMachine,100,5400
03/11/2024 23:38:28,flip_coin,5400,10800
03/11/2024 23:41:29,flip_coin,1000,11800
03/11/2024 23:42:01,flip_coin,10000,21800
03/11/2024 23:43:21,flip_coin,10000,11800
03/11/2024 23:43:38,slotMachine,100,14700
03/11/2024 23:43:45,slotMachine,100,14600
03/11/2024 23:43:46,slotMachine,100,14500
03/11/2024 23:44:15,slotMachine,100,14400
03/11/2024 23:44:18,slotMachine,100,14300
03/11/2024 23:44:19,slotMachine,100,14200
03/11/2024 23:44:20,slotMachine,100,14100
03/11/2024 23:44:21,slotMachine,100,14000
03/11/2024 23:44:22,slotMachine,100,13900
03/11/2024 23:44:23,slotMachine,100,13800
03/11/2024 23:44:23,slotMachine,100,13700
03/11/2024 23:44:24,slotMachine,100,13600
03/11/2024 23:44:25,slotMachine,100,15000
03/11/2024 23:44:25,slotMachine,100,14900
03/11/2024 23:44:26,slotMachine,100,14800
03/11/2024 23:44:27,slotMachine,100,14700
03/11/2024 23:44:27,slotMachine,100,14600
03/11/2024 23:44:28,slotMachine,100,14500
03/11/2024 23:44:28,slotMachine,100,14400
03/11/2024 23:44:29,slotMachine,100,14300
03/11/2024 23:44:29,slotMachine,100,14200
03/11/2024 23:44:29,slotMachine,100,14100
03/11/2024 23:44:31,slotMachine,100,14000
03/11/2024 23:44:31,slotMachine,100,13900
03/11/2024 23:44:32,slotMachine,100,13800
03/11/2024 23:44:33,slotMachine,100,15200
03/11/2024 23:44:33,slotMachine,100,15100
03/11/2024 23:44:33,slotMachine,100,15000
03/11/2024 23:44:34,slotMachine,100,14900
03/11/2024 23:44:34,slotMachine,100,14800
03/11/2024 23:44:35,slotMachine,100,14700
03/11/2024 23:44:35,slotMachine,100,14600
03/11/2024 23:44:36,slotMachine,100,16000
03/11/2024 23:44:36,slotMachine,100,15900
03/11/2024 23:44:36,slotMachine,100,15800
03/11/2024 23:44:37,slotMachine,100,15700
03/11/2024 23:44:37,slotMachine,100,17100
03/11/2024 23:44:38,slotMachine,100,17000
03/11/2024 23:44:38,slotMachine,100,16900
03/11/2024 23:48:58,rock_paper_scissors,10000,36900
04/11/2024 00:26:28,rock_paper_scissors,1000,9000
04/11/2024 00:26:51,rock_paper_scissors,1000,11000
04/11/2024 00:27:30,dice,10,10990
04/11/2024 00:28:57,dice,1000,9000
04/11/2024 00:29:13,rock_paper_scissors,1000,9000
04/11/2024 17:57:07,dice,900,8100
04/11/2024 20:26:39,slotMachine,100,8000
04/11/2024 20:26:40,slotMachine,100,7900
04/11/2024 20:27:04,rock_paper_scissors,1000,9900
04/11/2024 20:27:33,rock_paper_scissors,1000,11900
04/11/2024 20:27:41,rock_paper_scissors,1000,11900
04/11/2024 20:27:54,rock_paper_scissors,1000,11900
04/11/2024 20:28:17,rock_paper_scissors,1000,10900
04/11/2024 20:28:52,rock_paper_scissors,2000,10900
04/11/2024 20:30:41,rock_paper_scissors,10000,30900
04/11/2024 20:30:50,slotMachine,100,30800
04/11/2024 20:30:50,slotMachine,100,30700
04/11/2024 20:30:51,slotMachine,100,30600
04/11/2024 20:30:52,slotMachine,100,30500
04/11/2024 20:30:53,slotMachine,100,30400
04/11/2024 20:30:53,slotMachine,100,30300
04/11/2024 20:30:53,slotMachine,100,30200
04/11/2024 20:30:54,slotMachine,100,30100
04/11/2024 20:30:54,slotMachine,100,31500
04/11/2024 20:30:55,slotMachine,100,31400
04/11/2024 20:30:55,slotMachine,100,40300
04/11/2024 20:30:56,slotMachine,100,40200
04/11/2024 20:30:57,slotMachine,100,41600
04/11/2024 20:30:58,slotMachine,100,41500
04/11/2024 20:30:58,slotMachine,100,44400
04/11/2024 20:30:59,slotMachine,100,44300
04/11/2024 20:31:00,slotMachine,100,44200
04/11/2024 20:31:00,slotMachine,100,50100
04/11/2024 20:31:01,slotMachine,100,50000
04/11/2024 20:31:03,slotMachine,100,49900
04/11/2024 20:31:03,slotMachine,100,49800
04/11/2024 20:31:05,slotMachine,100,55700
04/11/2024 20:31:08,slotMachine,100,55600
04/11/2024 20:31:09,slotMachine,100,55500
04/11/2024 20:31:10,slotMachine,100,56900
04/11/2024 20:31:12,slotMachine,100,56800
04/11/2024 20:31:13,slotMachine,100,56700
04/11/2024 20:31:14,slotMachine,100,56600
04/11/2024 20:31:15,slotMachine,100,56500
04/11/2024 20:31:16,slotMachine,100,57900
04/11/2024 20:31:16,slotMachine,100,57800
04/11/2024 20:31:17,slotMachine,100,57700
04/11/2024 20:31:17,slotMachine,100,60600
04/11/2024 20:31:18,slotMachine,100,60500
04/11/2024 20:31:18,slotMachine,100,60400
04/11/2024 20:31:19,slotMachine,100,60300
04/11/2024 20:31:19,slotMachine,100,63200
04/11/2024 20:31:20,slotMachine,100,64600
04/11/2024 20:31:20,slotMachine,100,64500
04/11/2024 20:31:21,slotMachine,100,64400
04/11/2024 20:31:21,slotMachine,100,70300
04/11/2024 20:31:21,slotMachine,100,70200
04/11/2024 20:31:22,slotMachine,100,70100
04/11/2024 20:31:22,slotMachine,100,70000
04/11/2024 20:31:23,slotMachine,100,69900
04/11/2024 20:31:39,flip_coin,69900,0
16/11/2024 17:15:19,rock_paper_scissors,5000,1000
16/11/2024 17:32:09,rock_paper_scissors,1000,0
16/11/2024 17:35:28,rock_paper_scissors,1001,1000
16/11/2024 17:38:58,slotMachine,100,900
16/11/2024 17:39:00,slotMachine,100,800
16/11/2024 17:39:01,slotMachine,100,700
16/11/2024 17:39:02,slotMachine,100,600
16/11/2024 17:39:04,slotMachine,100,500
16/11/2024 17:39:15,slotMachine,100,400
16/11/2024 17:39:17,slotMachine,100,300
16/11/2024 17:39:20,slotMachine,100,200
16/11/2024 17:39:21,slotMachine,100,100
16/11/2024 17:39:21,slotMachine,100,0
16/11/2024 17:42:29,slotMachine,100,6900
16/11/2024 17:42:32,slotMachine,100,6800
16/11/2024 17:42:35,slotMachine,100,14200
16/11/2024 17:42:36,slotMachine,100,14100
16/11/2024 17:42:38,slotMachine,100,14000
16/11/2024 17:42:39,slotMachine,100,16900
16/11/2024 17:42:41,slotMachine,100,16800
16/11/2024 17:42:42,slotMachine,100,19700
16/11/2024 17:42:46,slotMachine,100,19600
16/11/2024 17:42:48,slotMachine,100,19500
16/11/2024 17:42:49,slotMachine,100,19400
16/11/2024 17:42:50,slotMachine,100,19300
16/11/2024 17:42:51,slotMachine,100,19200
16/11/2024 17:42:52,slotMachine,100,19100
16/11/2024 17:42:52,slotMachine,100,19000
16/11/2024 17:42:53,slotMachine,100,18900
16/11/2024 17:42:54,slotMachine,100,18800
16/11/2024 17:42:55,slotMachine,100,18700
16/11/2024 17:42:56,slotMachine,100,18600
16/11/2024 17:42:56,slotMachine,100,18500
16/11/2024 17:42:57,slotMachine,100,19900
16/11/2024 17:42:57,slotMachine,100,19800
16/11/2024 17:42:58,slotMachine,100,19700
16/11/2024 17:42:58,slotMachine,100,19600
16/11/2024 17:42:59,slotMachine,100,19500
16/11/2024 17:43:00,slotMachine,100,19400
16/11/2024 17:43:01,slotMachine,100,19300
16/11/2024 17:43:01,slotMachine,100,19200
16/11/2024 17:43:02,slotMachine,100,19100
16/11/2024 17:43:03,slotMachine,100,19000
16/11/2024 17:43:03,slotMachine,100,20400
16/11/2024 17:43:04,slotMachine,100,20300
